1,1,Cell,732,3927165
2,1,Work,575,7806421
3,2,Home,441,5572835
4,2,Cell,907,9133698
5,2,Work,526,6913663
6,3,Home,998,2394082
7,3,Cell,637,7153867
8,3,Work,470,3477202
9,4,Cell,359,7471907
10,5,Home,317,7560975
11,5,Cell,543,7100843
12,5,Work,672,6435210
13,6,Cell,227,9922900
14,6,Work,935,2214565
15,7,Cell,181,7819784
16,8,Cell,871,7917851
17,8,Work,420,9028960
18,9,Cell,933,2577616
19,9,Work,536,5968574
20,10,Home,449,9717759
21,10,Cell,747,3034705
22,10,Work,405,7466553
23,11,Home,790,8324539
24,11,Cell,423,2570444
25,12,Home,812,6712569
26,12,Cell,537,9873004
27,12,Work,974,3988066
28,13,Cell,994,1895386
29,14,Home,454,7308259
30,14,Cell,223,7467737
31,15,Cell,769,7409664
32,15,Work,944,1466149
33,16,Home,629,4384169
34,16,Cell,275,4775499
35,16,Work,100,7183343
36,17,Home,804,2096009
37,17,Cell,272,3674116
38,18,Cell,770,2825502
39,18,Work,725,1357813
40,19,Cell,131,1556846
41,19,Work,373,8296128
42,20,Cell,452,9672050
43,20,Work,205,8677790
44,21,Cell,310,5171998
45,21,Work,136,2099292
46,22,Home,130,4938381
47,22,Cell,905,4420240
48,22,Work,732,7358158
49,23,Home,234,7823406
50,23,Cell,886,7021908
51,24,Home,387,9952640
52,24,Cell,562,6171312
53,24,Work,364,8397318
54,25,Cell,873,5116075
55,25,Work,754,8152133
56,26,Cell,826,2974157
57,27,Cell,770,4536125
58,27,Work,205,3245139
59,28,Cell,806,1059954
60,28,Work,742,3399060
61,29,Home,388,4887596
62,29,Cell,899,5224338
63,29,Work,570,8959983
64,30,Home,744,5442543
65,30,Cell,993,2280137
66,31,Cell,939,6930069
67,31,Work,612,2229943
68,32,Home,742,3021759
69,32,Cell,330,8604567
70,33,Home,154,6700891
71,33,Work,555,9966608
72,34,Cell,189,1582552
73,34,Work,955,2587776
74,35,Home,656,8949957
75,35,Cell,929,6509987
76,36,Cell,713,3734369
77,36,Work,844,4427505
78,37,Cell,708,5805566
79,37,Work,222,8342561
80,38,Home,581,5102303
81,38,Cell,544,2543783
82,38,Work,277,2757948
83,39,Home,280,3456777
84,39,Cell,918,9671567
85,39,Work,337,5870981
86,40,Home,549,8824758
87,40,Cell,441,5723400
88,40,Work,147,8875649
89,41,Home,955,3321578
90,41,Cell,798,7973341
91,42,Cell,519,7745168
92,43,Home,935,3978398
93,43,Cell,808,8240672
94,43,Work,346,1772480
95,44,Cell,584,5390112
96,44,Work,504,7025753
97,45,Cell,398,8793327
98,45,Work,335,8293422
99,46,Home,438,5588607
100,46,Cell,930,8198669
101,46,Work,310,2760552
102,47,Home,551,5396647
103,47,Cell,146,3008184
104,47,Work,619,7062111
105,48,Cell,637,6500978
106,48,Work,767,1028784
107,49,Home,453,2220717
108,50,Home,848,6993800
109,50,Cell,488,8517113
110,50,Work,395,2883413
111,51,Cell,771,8120449
112,51,Work,411,2059343
113,52,Home,567,1350102
114,52,Cell,258,2635860
115,52,Work,709,7450219
116,53,Home,462,8453036
117,53,Cell,378,8736862
118,53,Work,575,7013295
119,54,Cell,125,6556551
120,55,Home,378,6821902
121,55,Cell,320,3447502
122,55,Work,749,2968636
123,56,Home,765,7019463
124,56,Cell,614,9511081
125,56,Work,920,3294108
126,57,Home,324,3191885
127,57,Cell,158,7914110
128,58,Cell,502,2721989
129,58,Work,755,5341340
130,59,Cell,743,3644750
131,59,Work,775,3912049
132,60,Cell,801,9953628
133,60,Work,992,2798238
134,61,Cell,978,4616856
135,61,Work,685,4810480
136,62,Cell,791,1622031
137,63,Home,188,4508080
138,63,Cell,968,2773614
139,64,Cell,798,8739529
140,64,Work,834,9091478
141,65,Home,758,1018619
142,65,Cell,288,6741492
143,66,Home,647,3255036
144,66,Cell,334,4972608
145,66,Work,712,2042142
146,67,Work,569,8282353
147,68,Cell,203,4314947
148,68,Work,365,9279690
149,69,Home,721,9747317
150,69,Cell,307,7589076
151,69,Work,284,2340042
152,70,Home,359,3109403
153,70,Cell,849,6959335
154,71,Cell,748,8187221
155,72,Cell,697,5167673
156,73,Work,689,2336416
157,74,Cell,359,1288195
158,74,Work,442,1440201
159,75,Cell,853,6696031
160,76,Cell,182,3133105
161,77,Home,258,9602550
162,77,Cell,645,6889829
163,77,Work,535,2388834
164,78,Home,738,4348751
165,78,Cell,952,8729308
166,78,Work,146,7782020
167,79,Work,463,1834657
168,80,Cell,896,6210151
169,80,Work,741,2745179
170,81,Cell,301,9471348
171,81,Work,928,6798594
172,82,Home,761,5082579
173,82,Cell,442,7767096
174,83,Cell,131,2778084
175,84,Cell,112,3372438
176,84,Work,812,3903319
177,85,Cell,467,1120628
178,85,Work,185,1912451
179,86,Cell,512,9991443
180,86,Work,996,9851004
181,87,Cell,311,8479441
182,87,Work,972,2457747
183,88,Home,760,7023529
184,88,Cell,322,2200314
185,88,Work,712,2704972
186,89,Home,454,1929694
187,89,Cell,793,5966729
188,90,Cell,920,9547865
189,91,Cell,996,4637162
190,92,Cell,685,5630088
191,92,Work,951,3076360
192,93,Home,800,4900502
193,93,Cell,335,4644346
194,93,Work,275,4596375
195,94,Cell,289,4902307
196,94,Work,845,6679320
197,95,Home,804,5224722
198,95,Cell,438,1454987
199,95,Work,610,3940372
200,96,Home,514,1863739
201,96,Cell,299,7093929
202,97,Cell,322,5295730
203,97,Work,374,9278236
204,98,Cell,554,9086180
205,98,Work,497,1612807
206,99,Cell,298,9785587
207,100,Home,870,8851418
208,100,Cell,518,9282083
209,100,Work,446,9713511
210,101,Cell,467,1697052
211,101,Work,560,4278364
212,102,Cell,601,1516193
213,103,Home,369,2382038
214,103,Cell,415,7612375
215,103,Work,644,6970806
216,104,Cell,932,4786742
217,105,Cell,612,7519073
218,105,Work,903,7238230
219,106,Cell,738,8344899
220,106,Work,575,8318442
221,107,Cell,518,5539464
222,107,Work,171,5869880
223,108,Home,166,5133272
224,108,Cell,215,2177070
225,108,Work,355,5634878
226,109,Home,725,9669431
227,109,Cell,817,7744659
228,109,Work,665,4313941
229,110,Home,768,8419661
230,110,Cell,985,7956001
231,110,Work,135,8204074
232,111,Cell,280,5930508
233,111,Work,384,5669537
234,112,Cell,634,8324961
235,113,Cell,671,4201296
236,113,Work,126,1845686
237,114,Home,443,5901681
238,114,Cell,743,9689698
239,114,Work,319,2159511
240,115,Cell,850,1683428
241,115,Work,425,6496990
242,116,Cell,685,7943792
243,117,Home,728,3821377
244,117,Cell,626,2305244
245,118,Cell,189,9464134
246,119,Home,862,5802697
247,119,Cell,499,5213027
248,119,Work,456,5743485
249,120,Cell,525,7861129
250,121,Cell,162,5917297
251,122,Home,222,3579889
252,122,Cell,734,9435823
253,122,Work,175,8969475
254,123,Home,841,3897758
255,123,Cell,927,2695557
256,123,Work,660,8617324
257,124,Home,527,9995145
258,124,Cell,560,5407010
259,125,Home,971,7245844
260,125,Cell,368,3938119
261,125,Work,885,6142560
262,126,Home,720,7675395
263,126,Cell,819,2167409
264,126,Work,601,4645787
265,127,Cell,510,5072668
266,128,Home,204,1369355
267,128,Cell,417,9395637
268,128,Work,533,7396596
269,129,Home,395,8152605
270,129,Cell,689,7246341
271,129,Work,470,7664449
272,130,Cell,659,3009914
273,130,Work,878,6488002
274,131,Home,950,7359534
275,131,Cell,485,5098914
276,131,Work,320,1445636
277,132,Cell,205,2732823
278,132,Work,440,5496823
279,133,Home,603,3789604
280,133,Cell,739,7265173
281,133,Work,959,1186515
282,134,Cell,561,7583885
283,135,Home,195,5912761
284,135,Cell,780,3196348
285,135,Work,851,8107191
286,136,Cell,665,8633496
287,137,Cell,101,6584163
288,137,Work,802,1734188
289,138,Cell,965,3693080
290,138,Work,311,5599990
291,139,Home,657,6650989
292,139,Cell,630,1761993
293,139,Work,596,3354027
294,140,Home,594,1008807
295,140,Cell,126,1910637
296,140,Work,998,1024319
297,141,Home,936,4708740
298,141,Cell,399,4103150
299,142,Home,224,6280332
300,142,Cell,400,6327435
301,142,Work,523,2841173
302,143,Cell,402,7494109
303,143,Work,682,7880921
304,144,Cell,623,4403069
305,145,Cell,680,9968963
306,145,Work,940,9161708
307,146,Home,596,5946343
308,146,Cell,741,4052893
309,146,Work,599,4797143
310,147,Cell,189,1445588
311,147,Work,194,5146250
312,148,Home,974,2026083
313,148,Cell,907,4642719
314,148,Work,605,4621975
315,149,Home,620,3175161
316,149,Cell,889,7913642
317,149,Work,800,2189724
318,150,Home,361,8572319
319,150,Cell,874,6330543
320,151,Home,474,2644928
321,151,Cell,277,2345144
322,151,Work,130,5751451
323,152,Home,821,8594219
324,152,Cell,769,5839706
325,152,Work,780,7290513
326,153,Home,319,2309127
327,153,Cell,338,5452457
328,153,Work,270,9361024
329,154,Cell,963,9708330
330,154,Work,212,3575802
331,155,Cell,259,2093551
332,155,Work,363,5919833
333,156,Home,539,8705632
334,156,Cell,160,9148157
335,156,Work,308,8535308
336,157,Home,910,7273016
337,157,Cell,588,8602305
338,157,Work,505,5312951
339,158,Home,600,2581532
340,158,Cell,609,3396336
341,158,Work,583,5060181
342,159,Cell,219,8034889
343,160,Home,963,5295711
344,160,Cell,668,6957537
345,160,Work,272,4757047
346,161,Home,994,1998435
347,161,Cell,788,9650073
348,162,Cell,322,2126474
349,162,Work,871,5255326
350,163,Cell,681,7585432
351,163,Work,906,2873813
352,164,Home,702,1011841
353,164,Cell,737,4583193
354,164,Work,519,5396640
355,165,Home,505,5625213
356,165,Cell,605,4135142
357,166,Cell,913,2275857
358,166,Work,299,3923863
359,167,Cell,207,3563286
360,167,Work,774,4676424
361,168,Cell,726,5610259
362,168,Work,138,1933944
363,169,Cell,729,5289115
364,169,Work,922,6563574
365,170,Cell,809,2516239
366,170,Work,179,8467624
367,171,Cell,350,8410515
368,171,Work,316,8102478
369,172,Home,347,8744660
370,172,Cell,991,3009095
371,172,Work,429,5642215
372,173,Cell,945,6883394
373,174,Home,793,5599408
374,174,Cell,575,8372710
375,175,Home,120,4696580
376,175,Cell,836,2475742
377,176,Cell,260,4459289
378,176,Work,703,2596055
379,177,Home,450,9623731
380,177,Cell,991,6811755
381,177,Work,238,8547937
382,178,Home,918,9171949
383,178,Cell,530,6159871
384,179,Home,118,9922961
385,179,Cell,928,2801718
386,179,Work,503,7316441
387,180,Cell,739,3704832
388,181,Home,264,2664036
389,181,Cell,288,3807105
390,181,Work,677,8018753
391,182,Cell,882,2244712
392,182,Work,508,4810030
393,183,Home,448,8754499
394,183,Cell,141,9273011
395,183,Work,580,1586597
396,184,Cell,206,6017607
397,184,Work,292,1161054
398,185,Home,409,4927295
399,185,Work,475,5047773
400,186,Cell,733,2716746
401,186,Work,201,1567465
402,187,Cell,294,2348775
403,187,Work,161,5170954
404,188,Home,156,9861385
405,188,Cell,658,4286437
406,188,Work,364,6508064
407,189,Cell,666,1163670
408,189,Work,732,6641953
409,190,Home,846,6971049
410,190,Cell,710,1600835
411,190,Work,669,6225273
412,191,Home,616,4082685
413,191,Cell,155,9274964
414,192,Home,593,8720141
415,192,Cell,467,1446719
416,192,Work,162,6608196
417,193,Home,719,4331940
418,193,Cell,307,4342713
419,194,Cell,119,1872885
420,194,Work,927,8248433
421,195,Home,435,4976117
422,195,Cell,739,2460573
423,195,Work,935,9719145
424,196,Home,638,2287039
425,196,Cell,421,8295450
426,196,Work,306,7482425
427,197,Cell,334,5950964
428,197,Work,784,5241493
429,198,Home,541,9729215
430,198,Cell,542,3806173
431,198,Work,528,5559675
432,199,Home,928,5858252
433,199,Cell,860,3124413
434,200,Home,384,6812575
435,200,Cell,975,9521919
436,201,Home,915,9090320
437,201,Cell,890,4546783
438,201,Work,221,9046120
439,202,Home,660,2236277
440,202,Cell,676,1074163
441,203,Home,628,9614631
442,203,Cell,589,2416333
443,203,Work,418,8756867
444,204,Home,547,6047582
445,204,Cell,455,4434902
446,204,Work,713,4809106
447,205,Home,422,1668360
448,205,Cell,877,9393738
449,205,Work,746,4105130
450,206,Home,854,2885241
451,206,Cell,753,1715682
452,206,Work,244,3572839
453,207,Cell,356,5765645
454,208,Home,521,3903859
455,208,Cell,786,7317679
456,208,Work,677,6093277
457,209,Home,217,3578603
458,209,Cell,513,7111607
459,210,Home,305,5059304
460,210,Cell,657,2970002
461,210,Work,550,5707649
462,211,Home,131,5547673
463,211,Cell,842,6858134
464,212,Cell,572,7858740
465,212,Work,577,3860520
466,213,Home,771,5373767
467,213,Cell,789,6709179
468,213,Work,137,9986889
469,214,Cell,954,5600159
470,215,Cell,111,9278581
471,215,Work,585,8847792
472,216,Home,828,3782541
473,216,Work,770,5783527
474,217,Cell,237,6778793
475,217,Work,724,7777402
476,218,Cell,943,8293863
477,219,Home,570,3262552
478,219,Cell,346,8972782
479,220,Home,193,4742547
480,220,Cell,807,5092962
481,220,Work,391,2349494
482,221,Cell,537,4499605
483,222,Cell,815,6808501
484,222,Work,297,6627654
485,223,Cell,885,3360223
486,223,Work,861,5276830
487,224,Cell,279,9157881
488,224,Work,855,4601939
489,225,Home,919,6081138
490,225,Cell,874,5611064
491,226,Home,801,1506562
492,226,Cell,678,7568685
493,226,Work,702,9202292
494,227,Cell,630,4054842
495,228,Cell,333,6967735
496,228,Work,894,5070455
497,229,Home,653,7180691
498,229,Cell,707,1375452
499,230,Home,954,5912566
500,230,Cell,996,2396282
501,230,Work,640,4277474
502,231,Cell,885,5917975
503,231,Work,939,8578068
504,232,Home,209,8565568
505,232,Cell,419,1895639
506,232,Work,517,7335398
507,233,Home,498,9160531
508,233,Cell,970,8193933
509,233,Work,957,4697349
510,234,Home,952,7027639
511,234,Cell,122,9391039
512,234,Work,737,7345439
513,235,Home,873,7639477
514,235,Cell,381,7472286
515,235,Work,785,8186829
516,236,Cell,584,4845052
517,236,Work,691,9607950
518,237,Cell,692,6684655
519,237,Work,141,3630839
520,238,Cell,530,9394107
521,238,Work,615,4087705
522,239,Home,360,2613677
523,239,Cell,159,3528021
524,240,Cell,131,4549471
525,241,Cell,883,6982435
526,241,Work,943,6585773
527,242,Home,216,2198508
528,242,Cell,223,1451656
529,243,Cell,999,9165458
530,244,Cell,226,2039541
531,244,Work,692,6107221
532,245,Home,643,5814018
533,245,Cell,728,1708971
534,245,Work,177,7121163
535,246,Home,898,3114913
536,246,Cell,510,4413400
537,246,Work,515,5983351
538,247,Cell,704,2311831
539,247,Work,909,6577010
540,248,Home,352,6170424
541,248,Cell,927,3933874
542,248,Work,621,2824315
543,249,Home,738,5751532
544,249,Cell,911,9801743
545,249,Work,565,5301901
546,250,Cell,777,6920874
547,251,Cell,652,4642372
548,251,Work,221,1537818
549,252,Home,216,1284604
550,252,Cell,315,3453420
551,252,Work,567,2428553
552,253,Home,393,9336921
553,253,Cell,358,4819889
554,254,Home,619,9851726
555,254,Cell,842,2079733
556,254,Work,226,9908334
557,255,Cell,864,7141199
558,255,Work,963,6183936
559,256,Home,563,8984407
560,256,Cell,162,3268857
561,257,Cell,476,2461194
562,257,Work,560,5333577
563,258,Home,593,5204976
564,259,Cell,741,8046153
565,260,Home,798,6451435
566,260,Cell,283,5199469
567,260,Work,678,2789610
568,261,Cell,945,8784565
569,262,Home,212,3636520
570,262,Cell,246,1747624
571,262,Work,159,6807922
572,263,Cell,790,8587895
573,263,Work,665,4718093
574,264,Home,135,7937070
575,264,Cell,538,7897767
576,264,Work,615,2912936
577,266,Home,607,9459621
578,266,Cell,245,1169013
579,266,Work,133,9474353
580,267,Home,439,6122673
581,267,Cell,337,3654743
582,268,Cell,772,4503153
583,269,Home,226,7680943
584,269,Cell,682,3364639
585,269,Work,454,4882348
586,270,Home,731,8197090
587,270,Cell,586,3866331
588,270,Work,671,2601052
589,271,Home,260,2529568
590,271,Cell,321,5605572
591,271,Work,995,7181899
592,272,Cell,764,2282895
593,272,Work,330,7929306
594,273,Home,768,5153346
595,273,Cell,547,6515152
596,274,Cell,111,7938014
597,274,Work,822,4046599
598,275,Cell,895,5471737
599,276,Cell,184,2237933
600,276,Work,304,5531314
601,277,Cell,760,3002633
602,277,Work,849,8781350
603,278,Home,102,4726185
604,278,Cell,901,1269300
605,278,Work,651,9545706
606,279,Cell,652,3112308
607,279,Work,975,1863275
608,280,Home,902,9750670
609,280,Cell,365,5328461
610,280,Work,259,8377467
611,281,Home,144,7951499
612,281,Cell,519,7083846
613,281,Work,955,2546266
614,282,Home,443,2119294
615,282,Cell,106,4562187
616,282,Work,510,8812776
617,283,Cell,752,3836580
618,284,Home,255,7514399
619,284,Work,303,6872112
620,285,Home,873,1231637
621,285,Cell,773,4734110
622,285,Work,119,1424923
623,286,Cell,538,5872812
624,286,Work,361,8419483
625,287,Cell,700,5255413
626,287,Work,445,4632036
627,288,Cell,260,8973964
628,288,Work,940,2832494
629,289,Home,524,2309991
630,289,Cell,433,5323375
631,290,Home,150,5803358
632,290,Cell,901,2563152
633,290,Work,609,3978181
634,291,Home,614,4662418
635,291,Cell,138,6634933
636,293,Cell,739,8160099
637,294,Home,722,8517661
638,294,Cell,953,6344168
639,294,Work,415,3918624
640,295,Cell,921,3354238
641,295,Work,620,8468310
642,296,Cell,582,5871230
643,296,Work,246,7518770
644,297,Work,131,2744339
645,298,Cell,732,2805706
646,298,Work,768,9433582
647,299,Cell,653,1998225
648,299,Work,396,3789449
649,300,Cell,846,7667200
650,300,Work,685,7807436
651,301,Cell,896,3178751
652,301,Work,109,4412458
653,302,Cell,154,3280392
654,302,Work,913,9068441
655,303,Home,590,8599229
656,303,Cell,119,7294765
657,304,Home,708,7004378
658,304,Cell,840,1470576
659,304,Work,170,4430516
660,305,Home,484,2756972
661,305,Cell,113,2411349
662,305,Work,897,9249172
663,306,Cell,178,7000270
664,306,Work,962,7698706
665,307,Cell,375,4070598
666,307,Work,158,1409215
667,308,Home,416,9678297
668,308,Cell,573,7582931
669,309,Cell,788,2628232
670,309,Work,230,4175878
671,310,Home,120,8676346
672,310,Cell,525,8590181
673,310,Work,607,1150976
674,311,Home,917,7303401
675,311,Cell,104,8327245
676,312,Home,402,7717293
677,312,Cell,699,1896305
678,313,Cell,417,8114669
679,314,Home,132,3524939
680,314,Cell,841,6604138
681,314,Work,979,9412868
682,315,Cell,246,3146200
683,316,Home,998,3663986
684,316,Cell,765,8193904
685,317,Cell,474,1025611
686,317,Work,398,7374833
687,318,Cell,814,3278268
688,318,Work,443,3346477
689,319,Home,795,3488410
690,319,Cell,271,6203459
691,320,Home,517,4848461
692,320,Cell,450,8355005
693,320,Work,390,8426160
694,321,Cell,760,8896313
695,321,Work,958,5207861
696,322,Home,106,3208656
697,322,Cell,778,7055374
698,323,Home,175,1398966
699,323,Cell,958,8560549
700,324,Home,114,1092699
701,324,Cell,160,4189351
702,325,Home,416,5279411
703,325,Cell,733,5364162
704,325,Work,474,3458269
705,326,Cell,472,6764057
706,326,Work,636,2152441
707,327,Home,701,9516627
708,327,Cell,409,4170486
709,328,Home,113,8337850
710,328,Cell,307,7104260
711,328,Work,218,5668321
712,329,Cell,764,6887211
713,330,Home,115,4079844
714,330,Cell,848,3311605
715,330,Work,780,7665194
716,331,Cell,149,3584766
717,332,Home,225,8689797
718,332,Cell,246,7092158
719,333,Cell,771,6928893
720,333,Work,317,9037792
721,334,Home,186,4079924
722,334,Cell,132,9067999
723,334,Work,685,9678364
724,335,Cell,885,5792681
725,336,Home,337,9947403
726,336,Cell,161,2235730
727,336,Work,970,9880877
728,337,Home,740,1612202
729,337,Cell,599,7006909
730,337,Work,427,5392916
731,338,Work,201,3984375
732,339,Home,142,2848389
733,339,Cell,635,5939994
734,340,Cell,954,7046957
735,341,Home,448,9933474
736,341,Cell,538,1368119
737,341,Work,325,9438882
738,342,Home,857,7077664
739,342,Cell,933,2451342
740,343,Cell,318,9451954
741,344,Home,883,2424398
742,344,Cell,742,5974893
743,344,Work,681,4002720
744,345,Home,919,3231257
745,345,Cell,928,2528876
746,345,Work,370,2025960
747,346,Home,538,7356171
748,346,Cell,384,3252018
749,347,Home,647,1274086
750,347,Cell,289,5466050
751,348,Home,346,2446524
752,348,Cell,669,6589712
753,349,Home,934,4219357
754,349,Cell,716,6169811
755,349,Work,945,9562686
756,350,Home,405,3479722
757,350,Cell,226,6077620
758,350,Work,790,5063204
759,351,Cell,568,4378548
760,351,Work,887,8021736
761,352,Cell,471,4830862
762,352,Work,338,5062497
763,353,Cell,162,5795330
764,354,Cell,733,5566269
765,354,Work,184,5683761
766,355,Cell,833,6580432
767,356,Cell,470,7885580
768,357,Cell,618,3618546
769,357,Work,909,2154838
770,358,Home,209,5352702
771,358,Cell,932,9129931
772,358,Work,879,7971124
773,359,Home,266,2639469
774,359,Cell,596,5020473
775,360,Home,730,1072205
776,360,Cell,864,3766906
777,361,Cell,797,5038595
778,362,Cell,403,2139920
779,363,Cell,780,3331752
780,364,Home,582,7496687
781,364,Cell,857,3539811
782,364,Work,504,3370116
783,365,Cell,929,2042594
784,365,Work,377,5363273
785,366,Home,666,7567464
786,366,Cell,402,5231467
787,366,Work,948,6448406
788,367,Cell,301,1675280
789,367,Work,101,8548404
790,368,Cell,716,9629064
791,369,Cell,654,9691212
792,370,Home,789,4002515
793,370,Cell,317,2291546
794,370,Work,416,8798878
795,371,Cell,489,2982101
796,371,Work,604,5452282
797,372,Cell,496,8423379
798,373,Home,725,6490235
799,373,Cell,307,2312915
800,374,Home,668,2886001
801,374,Cell,601,1422316
802,375,Home,596,8475055
803,375,Cell,801,5675147
804,376,Cell,361,7131548
805,376,Work,675,9451790
806,377,Home,707,3577631
807,377,Cell,791,3188485
808,377,Work,391,1938566
809,378,Cell,517,7749742
810,378,Work,864,3309633
811,379,Home,815,4248560
812,379,Cell,917,5811409
813,380,Cell,975,5923460
814,380,Work,248,1925921
815,381,Cell,916,4978573
816,381,Work,386,6717528
817,382,Cell,418,6798335
818,382,Work,280,4448902
819,383,Cell,876,8314057
820,384,Home,728,4820392
821,384,Cell,948,7700844
822,385,Home,204,1198973
823,385,Cell,308,6697144
824,385,Work,941,9506164
825,386,Cell,577,5098589
826,386,Work,625,5977748
827,387,Home,974,3551991
828,387,Cell,610,5201894
829,387,Work,906,7643201
830,388,Home,792,7982012
831,388,Cell,270,5004689
832,388,Work,178,5689297
833,389,Home,265,8315801
834,389,Cell,247,1366714
835,389,Work,362,2770473
836,390,Home,667,2886212
837,390,Cell,212,9733833
838,390,Work,911,2654340
839,391,Home,594,9575867
840,391,Cell,690,6298142
841,391,Work,257,1265945
842,392,Cell,963,1626782
843,392,Work,386,1681195
844,393,Home,440,2898057
845,393,Cell,429,4802032
846,394,Cell,833,4208697
847,395,Cell,970,7958180
848,395,Work,357,5499858
849,396,Cell,890,1657394
850,397,Home,500,1591166
851,397,Cell,879,6393102
852,397,Work,604,8744819
853,398,Cell,453,6765952
854,398,Work,115,1212435
855,399,Home,915,4175581
856,399,Cell,301,7808939
857,399,Work,901,3283792
858,400,Work,709,7381738
859,401,Cell,819,4925695
860,401,Work,252,2868767
861,402,Cell,176,3144811
862,403,Cell,346,5019702
863,405,Cell,551,4978817
864,405,Work,713,2124104
865,406,Cell,379,4465516
866,406,Work,772,4758322
867,407,Work,834,6057974
868,408,Home,648,5714202
869,408,Cell,122,7721670
870,408,Work,587,9623774
871,409,Cell,931,3806036
872,409,Work,779,8355111
873,410,Home,286,1874570
874,410,Cell,407,9443765
875,411,Cell,482,6968869
876,411,Work,273,1756814
877,412,Cell,488,7134507
878,412,Work,451,2125486
879,413,Home,942,4629310
880,413,Cell,407,6079732
881,413,Work,425,1973858
882,414,Cell,895,8760800
883,414,Work,619,8133510
884,415,Cell,672,1983035
885,416,Cell,706,8069461
886,416,Work,327,1010402
887,417,Cell,374,4417592
888,417,Work,190,4408826
889,418,Cell,615,6602876
890,418,Work,810,6487739
891,419,Cell,664,5654203
892,420,Cell,455,2203403
893,421,Cell,897,4433157
894,422,Cell,243,8709923
895,422,Work,235,1863222
896,424,Home,139,7153022
897,424,Cell,392,5812335
898,424,Work,368,7113336
899,425,Cell,989,8336141
900,426,Home,449,2531352
901,426,Cell,737,4084838
902,426,Work,674,8100933
903,427,Home,277,8946191
904,427,Cell,789,5134253
905,427,Work,218,3064059
906,428,Cell,777,2383165
907,429,Home,212,2411047
908,429,Cell,762,6822323
909,429,Work,192,7129675
910,430,Home,611,5860987
911,430,Cell,131,6391104
912,430,Work,898,3616855
913,431,Home,730,8277962
914,431,Cell,832,7502254
915,432,Cell,795,8886145
916,432,Work,587,9385724
917,433,Cell,231,5922682
918,433,Work,471,1941796
919,434,Cell,693,1262725
920,434,Work,999,2361304
921,435,Home,199,5848576
922,435,Cell,197,3728782
923,435,Work,817,7694012
924,436,Cell,928,9022194
925,436,Work,110,1712404
926,437,Cell,493,4746204
927,437,Work,569,2568237
928,438,Cell,185,7384858
929,439,Home,931,1659882
930,439,Cell,788,8394995
931,440,Home,700,4693191
932,440,Cell,290,2394431
933,441,Cell,681,8849486
934,441,Work,388,4813001
935,442,Cell,451,5769876
936,442,Work,674,7996565
937,443,Cell,367,6537536
938,443,Work,260,3120545
939,444,Cell,623,1293133
940,444,Work,672,6830513
941,445,Cell,560,9104461
942,446,Home,164,8385185
943,446,Cell,537,5633945
944,447,Home,637,3062368
945,447,Cell,731,9279782
946,448,Cell,711,7281673
947,448,Work,420,5533770
948,449,Home,698,6665675
949,449,Cell,712,1919859
950,449,Work,585,4709801
951,450,Cell,985,8351578
952,451,Cell,243,4758168
953,451,Work,376,9145367
954,452,Home,416,5139185
955,452,Cell,774,8960810
956,453,Cell,766,6031114
957,453,Work,100,2311817
958,454,Cell,577,1527587
959,454,Work,771,3067181
960,455,Home,429,1831898
961,455,Cell,168,6001777
962,455,Work,998,7639884
963,456,Home,913,2901029
964,456,Cell,975,8870855
965,457,Home,195,8347955
966,457,Work,829,2009897
967,458,Cell,532,2934334
968,458,Work,622,7442732
969,459,Cell,306,8934925
970,459,Work,498,5011581
971,460,Cell,319,2429453
972,460,Work,140,1600913
973,461,Cell,133,8489230
974,461,Work,291,6456297
975,462,Cell,143,2685227
976,463,Home,483,7617372
977,463,Cell,904,4883281
978,463,Work,641,6427666
979,464,Cell,972,7328421
980,465,Home,567,7701111
981,465,Cell,884,5025285
982,465,Work,946,9692724
983,466,Cell,422,6409616
984,466,Work,181,3475668
985,467,Home,214,3526381
986,467,Cell,340,7496640
987,468,Home,534,1548618
988,468,Cell,913,2605908
989,468,Work,911,9099299
990,469,Home,667,4478000
991,469,Cell,146,1610751
992,469,Work,337,2195406
993,470,Home,170,9389058
994,470,Cell,720,6706376
995,471,Cell,385,1722304
996,471,Work,666,7938432
997,472,Home,164,3807212
998,472,Cell,969,1083880
999,472,Work,657,1780570
1000,473,Cell,178,4976381
1001,474,Cell,125,3028196
1002,474,Work,363,3670385
1003,475,Home,937,1352004
1004,475,Cell,804,5326828
1005,475,Work,744,9532520
1006,476,Home,706,2866061
1007,476,Cell,531,2125264
1008,477,Home,863,5030563
1009,477,Work,886,4996561
1010,478,Cell,649,2811047
1011,478,Work,210,9568721
1012,479,Home,472,2325210
1013,479,Cell,962,4821935
1014,479,Work,115,3707575
1015,480,Cell,503,2527641
1016,481,Work,343,7330736
1017,482,Home,121,9349403
1018,482,Cell,364,4509367
1019,483,Cell,226,2684925
1020,483,Work,636,8434437
1021,484,Cell,290,9077947
1022,485,Home,685,4099085
1023,485,Cell,412,4626473
1024,485,Work,715,9118841
1025,486,Home,868,4268082
1026,486,Cell,712,8217924
1027,487,Home,509,5214735
1028,487,Cell,191,1163345
1029,487,Work,491,5477293
1030,488,Home,166,6316630
1031,488,Cell,995,5689111
1032,489,Home,977,6639183
1033,489,Cell,882,8704125
1034,490,Cell,544,4998217
1035,490,Work,278,9000285
1036,491,Home,128,3209244
1037,491,Cell,249,7365705
1038,492,Home,648,2447436
1039,492,Cell,426,3714648
1040,492,Work,145,2374249
1041,493,Cell,741,6295167
1042,493,Work,143,2160318
1043,494,Cell,412,8981462
1044,495,Cell,623,3976741
1045,496,Home,138,6487465
1046,496,Work,342,6442961
1047,497,Cell,356,5755406
1048,498,Cell,628,4517727
1049,499,Home,813,5121295
1050,499,Cell,541,9548647
1051,499,Work,567,1374078
1052,500,Home,470,7979418
1053,500,Cell,982,1037006
1054,500,Work,651,7939301
1055,501,Home,397,7966693
1056,501,Cell,554,3633910
1057,502,Cell,465,4087447
1058,503,Cell,819,6937538
1059,503,Work,994,3999693
1060,504,Work,315,3069566
1061,505,Home,499,5088416
1062,505,Cell,169,8002074
1063,505,Work,976,6258362
1064,506,Home,986,3735019
1065,506,Cell,400,2176129
1066,507,Cell,222,1741536
1067,507,Work,715,3566425
1068,508,Home,707,1064739
1069,508,Cell,323,7616593
1070,508,Work,810,4939449
1071,509,Home,657,5108911
1072,509,Cell,377,1432037
1073,509,Work,112,2975716
1074,510,Home,202,7830750
1075,510,Cell,725,4582600
1076,510,Work,430,5086482
1077,511,Cell,949,6025775
1078,512,Cell,444,7780071
1079,512,Work,979,6707880
1080,513,Cell,307,4035816
1081,513,Work,455,4632077
1082,514,Cell,635,8152497
1083,514,Work,230,1839892
1084,515,Cell,781,2565626
1085,516,Home,454,7314647
1086,516,Cell,100,4404512
1087,517,Home,757,7970053
1088,517,Cell,509,9298692
1089,517,Work,920,6356087
1090,518,Home,288,6150105
1091,518,Work,298,5188826
1092,519,Home,256,8746101
1093,519,Cell,770,8738706
1094,520,Cell,496,3208616
1095,521,Cell,615,4359965
1096,521,Work,173,4806540
1097,522,Home,446,8784707
1098,522,Cell,189,3770787
1099,522,Work,860,2126627
1100,523,Home,709,1620392
1101,523,Cell,966,9640179
1102,523,Work,820,9091852
1103,524,Cell,280,8594236
1104,524,Work,958,4465383
1105,525,Home,934,3579610
1106,525,Cell,995,9040328
1107,526,Home,831,3996098
1108,526,Cell,666,5222333
1109,526,Work,262,1011866
1110,527,Cell,143,1787457
1111,527,Work,522,1111653
1112,528,Cell,228,6143022
1113,528,Work,774,1212397
1114,529,Cell,846,4111941
1115,530,Home,538,7030206
1116,530,Cell,411,9308847
1117,531,Home,465,6682750
1118,531,Cell,833,3301202
1119,531,Work,926,7085734
1120,532,Home,438,2423353
1121,532,Cell,257,3996959
1122,533,Cell,834,5284867
1123,533,Work,967,3954123
1124,534,Home,124,7239834
1125,534,Cell,268,9101288
1126,534,Work,211,3373346
1127,535,Cell,690,1060283
1128,536,Cell,773,4296976
1129,536,Work,214,8757894
1130,537,Home,722,9317082
1131,537,Cell,379,4266392
1132,538,Home,696,7847980
1133,538,Cell,361,2908534
1134,538,Work,402,7792874
1135,539,Home,880,7239347
1136,539,Cell,240,2496997
1137,540,Cell,166,2007628
1138,540,Work,694,1968569
1139,541,Home,762,6573787
1140,541,Cell,836,4784999
1141,541,Work,106,8376086
1142,542,Home,313,5265569
1143,542,Cell,820,3501800
1144,543,Home,215,1281209
1145,543,Cell,612,9785732
1146,543,Work,219,9992565
1147,544,Cell,701,1671893
1148,544,Work,673,1795889
1149,545,Home,730,7064982
1150,545,Cell,282,6401972
1151,545,Work,538,5488954
1152,546,Cell,643,4984183
1153,546,Work,141,6027456
1154,547,Cell,419,7542728
1155,547,Work,729,5645716
1156,548,Home,154,6874059
1157,548,Cell,617,2020077
1158,548,Work,796,1538520
1159,549,Home,553,5213453
1160,549,Cell,487,6265314
1161,549,Work,110,2639113
1162,550,Cell,291,6986261
1163,550,Work,571,4967077
1164,551,Cell,820,8026458
1165,551,Work,571,4917267
1166,552,Home,706,4584328
1167,552,Cell,437,9082846
1168,552,Work,470,1917272
1169,553,Home,558,2067434
1170,553,Cell,229,6715474
1171,554,Home,571,2223859
1172,554,Cell,577,5804053
1173,554,Work,645,8830748
1174,555,Home,462,3748922
1175,555,Cell,822,3930078
1176,555,Work,223,2193564
1177,556,Home,794,4813272
1178,556,Cell,843,4511791
1179,557,Cell,889,2611340
1180,558,Home,338,9713228
1181,558,Cell,983,2417115
1182,559,Cell,827,6810172
1183,560,Home,910,8136415
1184,560,Cell,305,6557088
1185,561,Home,113,9848287
1186,561,Cell,144,9140254
1187,561,Work,730,1523265
1188,562,Home,202,9538690
1189,562,Cell,781,6329220
1190,562,Work,268,3902705
1191,563,Home,993,5798257
1192,563,Cell,733,2148237
1193,564,Cell,197,2491733
1194,564,Work,580,5795910
1195,565,Cell,198,5248591
1196,565,Work,326,4664626
1197,567,Cell,815,7800862
1198,567,Work,289,4719015
1199,568,Cell,967,3198287
1200,569,Cell,420,7142964
1201,570,Home,510,5091271
1202,570,Cell,610,4999732
1203,571,Cell,867,9532674
1204,572,Home,133,6484677
1205,572,Cell,193,9183861
1206,573,Home,166,2507186
1207,573,Cell,314,7461446
1208,574,Cell,506,6114114
1209,574,Work,826,4585115
1210,575,Cell,581,3711114
1211,576,Home,263,2104517
1212,576,Cell,992,5635331
1213,577,Home,612,2044153
1214,577,Cell,894,6514980
1215,578,Home,264,5492023
1216,578,Cell,616,8438555
1217,578,Work,912,2527214
1218,579,Home,543,3887040
1219,579,Cell,918,7892332
1220,579,Work,255,2952018
1221,580,Home,841,2382109
1222,580,Cell,168,7037031
1223,580,Work,314,5834688
1224,581,Home,537,7367621
1225,581,Cell,943,8836641
1226,582,Home,623,6772825
1227,582,Cell,949,2199822
1228,583,Cell,711,2628273
1229,583,Work,363,2415864
1230,584,Home,892,5382055
1231,584,Cell,558,7034938
1232,584,Work,550,6600455
1233,585,Cell,540,3899303
1234,585,Work,345,9213286
1235,586,Cell,185,8412524
1236,587,Cell,824,4652005
1237,587,Work,549,7417424
1238,588,Home,340,8523223
1239,588,Cell,955,3309591
1240,589,Cell,182,5128309
1241,590,Cell,762,1502499
1242,590,Work,242,8872472
1243,591,Cell,799,9456690
1244,592,Cell,962,9922250
1245,593,Home,421,8313543
1246,593,Cell,849,3838591
1247,593,Work,904,8479468
1248,594,Cell,606,6375623
1249,594,Work,417,4877198
1250,595,Home,413,5318434
1251,595,Cell,211,2906618
1252,595,Work,587,9110972
1253,596,Cell,102,8966692
1254,597,Home,617,4813465
1255,597,Cell,811,3942997
1256,597,Work,584,5144430
1257,598,Home,170,5567855
1258,598,Cell,398,1370658
1259,599,Home,600,4512532
1260,599,Cell,738,2904244
1261,600,Cell,675,5603320
1262,600,Work,978,6587078
1263,601,Home,421,1972033
1264,601,Cell,768,8440424
1265,602,Cell,678,9414232
1266,602,Work,281,1133567
1267,603,Cell,293,2187670
1268,603,Work,196,9634204
1269,604,Home,670,6559341
1270,604,Cell,275,7861915
1271,605,Cell,214,1033750
1272,605,Work,202,1381150
1273,606,Home,737,9589439
1274,606,Cell,617,9888180
1275,606,Work,106,9200104
1276,607,Cell,338,5841868
1277,607,Work,976,1662533
1278,608,Cell,365,1028995
1279,609,Home,164,2230877
1280,609,Cell,795,3494693
1281,609,Work,492,3322085
1282,610,Cell,618,9861477
1283,611,Cell,950,6757647
1284,611,Work,503,7217245
1285,612,Cell,541,7944309
1286,612,Work,645,2207767
1287,613,Cell,872,1174352
1288,613,Work,254,1864625
1289,614,Home,922,2403086
1290,614,Cell,191,5938795
1291,614,Work,881,4472783
1292,615,Cell,730,1161243
1293,615,Work,588,6541271
1294,616,Home,618,7969938
1295,616,Cell,797,1287381
1296,616,Work,958,2214092
1297,617,Cell,539,6956956
1298,618,Cell,274,2158958
1299,619,Home,249,7099202
1300,619,Cell,237,3130579
1301,619,Work,309,7871028
1302,620,Home,661,6923911
1303,620,Cell,788,3629821
1304,620,Work,607,3484886
1305,621,Home,853,5469822
1306,621,Cell,991,3485899
1307,621,Work,545,3602357
1308,622,Cell,521,3412069
1309,623,Cell,770,6473761
1310,624,Cell,442,1293594
1311,624,Work,361,2154638
1312,625,Home,611,4614174
1313,625,Cell,943,6574652
1314,625,Work,459,8648915
1315,626,Cell,590,5663682
1316,626,Work,958,3141802
1317,627,Home,504,3520892
1318,627,Cell,520,9857906
1319,627,Work,141,3280941
1320,628,Cell,807,4661622
1321,628,Work,808,1819129
1322,629,Home,354,4718412
1323,629,Cell,443,1244418
1324,629,Work,516,7597808
1325,630,Home,294,6582004
1326,630,Cell,450,8639437
1327,630,Work,855,2528005
1328,631,Cell,695,5640734
1329,632,Cell,866,1093257
1330,632,Work,868,3940329
1331,633,Cell,405,8042708
1332,633,Work,670,1462731
1333,634,Cell,544,5817584
1334,635,Cell,737,3481304
1335,636,Cell,450,5841311
1336,637,Home,848,9629031
1337,637,Cell,389,6491101
1338,637,Work,410,7824597
1339,638,Home,893,6134964
1340,638,Cell,457,9913698
1341,638,Work,658,3105747
1342,639,Home,988,5821746
1343,639,Cell,918,8496310
1344,639,Work,411,3872270
1345,640,Cell,808,1841996
1346,641,Cell,453,6512782
1347,642,Cell,699,7053475
1348,643,Cell,685,8937026
1349,643,Work,150,2037396
1350,644,Cell,224,5242233
1351,645,Home,487,1238854
1352,645,Cell,577,6895045
1353,646,Home,615,1520368
1354,646,Cell,573,8442927
1355,646,Work,938,6947934
1356,647,Home,922,6003983
1357,647,Cell,426,3474674
1358,647,Work,766,9669973
1359,648,Cell,805,7291391
1360,649,Home,206,9637826
1361,649,Cell,549,8714053
1362,649,Work,703,8776527
1363,650,Cell,524,4062881
1364,651,Cell,143,4067688
1365,652,Cell,926,4577170
1366,652,Work,834,1135525
1367,653,Cell,680,7708684
1368,653,Work,170,4559776
1369,654,Cell,689,1025464
1370,654,Work,563,5088755
1371,655,Home,472,9576298
1372,656,Cell,313,3651151
1373,656,Work,430,8131811
1374,657,Cell,934,1934966
1375,657,Work,209,3698056
1376,658,Cell,198,6645457
1377,659,Home,231,2794678
1378,659,Cell,888,5774006
1379,660,Cell,794,8353721
1380,661,Home,995,4876226
1381,661,Cell,653,6494641
1382,661,Work,546,2774408
1383,662,Cell,523,4325820
1384,662,Work,355,7443975
1385,663,Home,233,1681541
1386,663,Cell,645,2803041
1387,664,Cell,435,5381508
1388,665,Cell,954,4372927
1389,665,Work,322,2935214
1390,666,Home,604,8298721
1391,666,Cell,785,1088544
1392,667,Cell,101,7491722
1393,667,Work,320,3785745
1394,668,Cell,561,4322555
1395,669,Home,429,3513856
1396,669,Cell,673,4627333
1397,669,Work,718,9925788
1398,670,Cell,193,2530563
1399,670,Work,866,8058565
1400,671,Cell,618,2934632
1401,672,Cell,556,2590832
1402,672,Work,555,6016156
1403,673,Cell,781,7680396
1404,674,Home,506,2153265
1405,674,Cell,447,3815940
1406,675,Home,425,9846018
1407,675,Cell,163,7518660
1408,676,Home,576,8484382
1409,676,Cell,684,8087643
1410,677,Home,821,9235298
1411,677,Cell,160,5819197
1412,677,Work,567,6010882
1413,678,Work,871,8033297
1414,679,Home,205,8619844
1415,679,Cell,562,4325661
1416,679,Work,452,4899350
1417,680,Cell,757,4251137
1418,681,Cell,274,9105493
1419,682,Home,196,2913176
1420,682,Cell,317,3715353
1421,683,Home,685,1286858
1422,683,Work,650,9801375
1423,684,Home,304,7054385
1424,684,Cell,264,8359479
1425,684,Work,269,3451175
1426,685,Cell,890,9093556
1427,685,Work,134,5489619
1428,686,Home,455,2438795
1429,686,Cell,239,1861659
1430,686,Work,485,8164440
1431,687,Cell,341,2094793
1432,687,Work,363,8997487
1433,688,Home,839,3830122
1434,688,Cell,162,6719486
1435,689,Home,415,3259256
1436,689,Cell,497,4857292
1437,690,Home,374,1728318
1438,691,Cell,337,7573696
1439,691,Work,951,8459890
1440,692,Cell,339,6075392
1441,693,Cell,126,9608267
1442,693,Work,407,3681194
1443,694,Home,731,2349537
1444,694,Cell,809,5830617
1445,694,Work,999,1622933
1446,695,Cell,870,2699664
1447,695,Work,579,2347739
1448,696,Cell,237,1580791
1449,696,Work,166,9899371
1450,697,Cell,229,1413801
1451,697,Work,609,8219967
1452,698,Cell,839,7943611
1453,698,Work,992,8953755
1454,699,Cell,349,4305535
1455,699,Work,852,9899589
1456,700,Home,464,8247570
1457,700,Cell,892,6066875
1458,701,Work,238,3508604
1459,702,Cell,628,4717410
1460,702,Work,149,6826017
1461,703,Home,533,4302247
1462,703,Cell,245,8659040
1463,703,Work,748,7801052
1464,704,Home,206,4114699
1465,704,Cell,561,5045497
1466,704,Work,206,5966259
1467,705,Home,488,9999988
1468,705,Cell,676,2981608
1469,705,Work,112,3542818
1470,706,Home,908,7931053
1471,706,Cell,994,9031104
1472,706,Work,591,8842691
1473,707,Cell,700,7227992
1474,707,Work,383,4737913
1475,708,Cell,240,6984944
1476,708,Work,254,9730667
1477,709,Home,714,1515616
1478,709,Cell,454,2126861
1479,709,Work,888,4635289
1480,710,Home,313,8741285
1481,710,Cell,707,8225697
1482,710,Work,609,7986342
1483,711,Cell,560,3016536
1484,711,Work,508,7824142
1485,712,Home,272,1336169
1486,712,Cell,278,4509238
1487,712,Work,889,8409544
1488,713,Home,743,4626487
1489,713,Cell,426,9335180
1490,713,Work,364,3403725
1491,714,Cell,331,6722921
1492,715,Cell,384,8662152
1493,715,Work,141,9359216
1494,716,Home,415,3990433
1495,716,Cell,893,9212595
1496,717,Home,565,7001642
1497,717,Cell,635,9140041
1498,718,Cell,438,6003714
1499,718,Work,850,4453974
1500,719,Home,359,4714507
1501,719,Cell,383,6131514
1502,720,Home,672,3558595
1503,720,Cell,416,2092963
1504,720,Work,430,8158673
1505,721,Home,390,8952549
1506,721,Work,264,1495605
1507,722,Home,645,2368045
1508,722,Cell,654,8219595
1509,722,Work,792,8110958
1510,723,Home,526,7392732
1511,723,Cell,435,6652796
1512,724,Cell,850,5275802
1513,725,Cell,571,7823790
1514,725,Work,702,5836644
1515,726,Cell,570,1234717
1516,726,Work,826,7060583
1517,727,Home,963,4688531
1518,727,Cell,129,9956104
1519,728,Home,362,7028075
1520,728,Cell,163,1199054
1521,730,Home,473,8520193
1522,730,Cell,942,3220366
1523,731,Home,305,2373915
1524,731,Cell,446,6633234
1525,731,Work,927,1599833
1526,732,Home,643,6172212
1527,732,Cell,407,2943291
1528,732,Work,423,7375515
1529,733,Home,467,3862020
1530,733,Cell,412,8731963
1531,734,Cell,198,3530171
1532,734,Work,698,9057989
1533,735,Home,823,2324278
1534,735,Cell,566,1441490
1535,735,Work,907,7925792
1536,736,Home,957,6913150
1537,736,Cell,710,2278087
1538,736,Work,263,5179014
1539,737,Cell,666,6372262
1540,737,Work,544,7722234
1541,738,Home,279,8845244
1542,738,Cell,677,6384228
1543,738,Work,982,8049481
1544,739,Home,395,7563515
1545,739,Cell,117,7479474
1546,740,Cell,657,1297689
1547,741,Home,432,9432237
1548,741,Cell,846,8809400
1549,741,Work,222,4280051
1550,742,Home,175,1762824
1551,742,Cell,594,7977349
1552,742,Work,699,9169933
1553,743,Home,585,6722449
1554,743,Cell,488,3588606
1555,744,Cell,893,9580205
1556,744,Work,827,8664417
1557,745,Cell,477,2806150
1558,746,Cell,144,6849231
1559,747,Home,761,7873129
1560,747,Cell,155,8592860
1561,747,Work,994,7611526
1562,748,Cell,411,4622089
1563,749,Cell,367,9149091
1564,749,Work,212,3588470
1565,750,Cell,739,9819312
1566,751,Home,550,7824535
1567,751,Cell,527,6738144
1568,752,Home,113,2430751
1569,752,Cell,871,8734280
1570,753,Home,651,3989878
1571,753,Cell,925,9423489
1572,754,Cell,202,8627214
1573,754,Work,759,2815716
1574,755,Cell,790,3113319
1575,755,Work,406,7145478
1576,756,Cell,164,1952433
1577,756,Work,492,2991126
1578,757,Cell,715,3682670
1579,757,Work,846,6101635
1580,758,Home,699,5922201
1581,758,Cell,703,4300243
1582,759,Home,916,8742835
1583,759,Cell,435,9805496
1584,760,Cell,175,8855598
1585,760,Work,395,5782184
1586,761,Home,893,3258654
1587,761,Work,807,1693416
1588,762,Cell,245,2805114
1589,762,Work,251,8773283
1590,763,Cell,193,4696202
1591,764,Cell,354,5286045
1592,765,Home,131,2396896
1593,765,Cell,984,4984524
1594,766,Cell,179,8789463
1595,766,Work,687,1212366
1596,767,Cell,515,9083850
1597,767,Work,789,8000107
1598,768,Cell,226,8299439
1599,769,Home,815,4647708
1600,769,Cell,582,1887155
1601,769,Work,409,9167452
1602,770,Cell,354,5029009
1603,770,Work,354,7373709
1604,771,Cell,232,9542721
1605,771,Work,714,5771869
1606,772,Cell,475,7598362
1607,773,Home,638,2017276
1608,773,Cell,495,7178160
1609,773,Work,540,4126074
1610,774,Home,763,4410092
1611,774,Cell,236,8821672
1612,774,Work,262,9776146
1613,775,Home,636,7483132
1614,775,Cell,675,7706272
1615,775,Work,421,8868330
1616,776,Cell,677,2875171
1617,776,Work,463,1691702
1618,777,Cell,658,2344773
1619,778,Cell,771,8680578
1620,778,Work,783,8998456
1621,779,Cell,958,4204603
1622,779,Work,523,2743133
1623,780,Home,961,8147422
1624,780,Work,572,6650771
1625,781,Cell,736,3647316
1626,781,Work,365,8882710
1627,782,Home,818,9189740
1628,782,Cell,273,2119574
1629,783,Cell,158,4520388
1630,783,Work,818,5571124
1631,784,Home,446,1589664
1632,784,Cell,647,1331410
1633,785,Home,665,8265055
1634,785,Cell,612,9752427
1635,786,Cell,764,4136459
1636,787,Cell,269,1734766
1637,787,Work,665,5609478
1638,788,Cell,939,2313713
1639,788,Work,369,5558732
1640,789,Home,611,9497678
1641,789,Cell,577,9762774
1642,790,Cell,584,7244248
1643,790,Work,102,1408293
1644,791,Home,677,4699455
1645,791,Cell,553,6049124
1646,791,Work,828,8575737
1647,792,Home,399,3608637
1648,792,Cell,718,1327090
1649,792,Work,630,8166545
1650,793,Home,221,3094868
1651,793,Cell,124,2167599
1652,793,Work,216,6020444
1653,794,Home,218,7003506
1654,794,Cell,323,3608000
1655,794,Work,284,3009216
1656,795,Home,797,1686816
1657,795,Cell,205,7695463
1658,795,Work,990,4863670
1659,796,Cell,581,3920541
1660,797,Cell,424,4557802
1661,798,Cell,679,1196948
1662,799,Home,778,9037321
1663,799,Cell,765,8005698
1664,799,Work,188,4292865
1665,800,Cell,463,9024296
1666,800,Work,464,3412474
1667,801,Cell,152,1592780
1668,802,Home,337,7435462
1669,802,Cell,900,5641292
1670,803,Home,216,1629865
1671,803,Cell,367,4933539
1672,803,Work,652,4647873
1673,804,Cell,714,2321586
1674,805,Cell,426,3307105
1675,805,Work,740,5818838
1676,806,Cell,540,2003639
1677,806,Work,820,2021804
1678,807,Work,100,6611518
1679,808,Cell,247,8648753
1680,808,Work,890,1169319
1681,809,Home,616,8746016
1682,809,Cell,737,2324132
1683,810,Home,274,9910736
1684,810,Cell,776,8325177
1685,811,Cell,182,7339114
1686,811,Work,969,8231176
1687,812,Cell,431,4493115
1688,812,Work,846,3618738
1689,813,Home,397,2160932
1690,813,Cell,944,5582647
1691,813,Work,470,5776907
1692,814,Home,335,6516531
1693,814,Cell,722,6061802
1694,814,Work,335,6554840
1695,815,Home,551,1538333
1696,815,Cell,283,8890953
1697,815,Work,191,2906834
1698,816,Cell,622,7520843
1699,816,Work,955,6876674
1700,817,Home,191,4751188
1701,817,Cell,845,1710555
1702,817,Work,863,7198150
1703,818,Home,467,7093343
1704,818,Cell,879,4196928
1705,819,Cell,294,2573187
1706,819,Work,379,6259619
1707,820,Cell,850,1130655
1708,820,Work,509,4517131
1709,821,Cell,444,8540708
1710,821,Work,184,2622570
1711,822,Cell,590,4447984
1712,822,Work,637,4877892
1713,823,Home,310,3113404
1714,823,Cell,407,2626721
1715,823,Work,519,7658448
1716,824,Cell,834,5370203
1717,824,Work,895,8923925
1718,825,Home,953,8904936
1719,825,Cell,258,8901612
1720,826,Cell,636,4425293
1721,827,Home,692,3364421
1722,827,Cell,343,4516744
1723,827,Work,924,7878391
1724,828,Cell,771,9699250
1725,829,Home,454,6087736
1726,829,Cell,174,2941074
1727,830,Home,617,7890523
1728,830,Cell,270,3807807
1729,831,Home,920,2758249
1730,831,Work,302,7864295
1731,832,Cell,406,8055023
1732,833,Cell,269,4273689
1733,834,Cell,633,4962564
1734,835,Home,264,8625184
1735,835,Cell,343,9433323
1736,836,Home,512,1443570
1737,836,Cell,201,5419001
1738,837,Home,851,9788586
1739,837,Cell,962,7039002
1740,837,Work,883,8231560
1741,838,Cell,215,1804077
1742,839,Cell,900,1620415
1743,840,Home,897,9946381
1744,840,Cell,233,8350822
1745,840,Work,480,5304680
1746,841,Cell,959,9964686
1747,841,Work,859,6939970
1748,842,Home,283,3182108
1749,842,Cell,717,8773925
1750,843,Cell,617,1865787
1751,843,Work,951,5580099
1752,844,Cell,283,7557709
1753,845,Cell,414,1119268
1754,845,Work,287,7842258
1755,846,Home,986,2679674
1756,846,Cell,127,2119811
1757,847,Cell,836,2126365
1758,847,Work,897,2895995
1759,848,Home,330,1135710
1760,848,Cell,831,7993385
1761,848,Work,762,2266419
1762,849,Home,443,1235572
1763,849,Cell,592,3739842
1764,850,Cell,371,6997087
1765,850,Work,684,8553678
1766,851,Home,752,8346762
1767,851,Cell,712,7483983
1768,851,Work,850,3360262
1769,852,Home,511,1224019
1770,852,Cell,253,8190347
1771,852,Work,922,5982752
1772,853,Home,126,3416977
1773,853,Cell,893,9914691
1774,854,Home,108,5143652
1775,854,Cell,592,7738920
1776,854,Work,619,3771740
1777,855,Home,582,3151074
1778,855,Cell,773,9707769
1779,856,Cell,562,1517702
1780,856,Work,418,6821742
1781,857,Home,235,1036400
1782,857,Cell,475,5160015
1783,858,Cell,732,6079193
1784,858,Work,487,4759225
1785,859,Cell,908,9465348
1786,861,Cell,869,6058648
1787,861,Work,773,6951138
1788,862,Cell,566,4519884
1789,863,Cell,562,6970174
1790,863,Work,100,5519931
1791,864,Work,263,6747139
1792,865,Home,493,6142925
1793,865,Cell,611,2070976
1794,866,Cell,753,9221251
1795,866,Work,599,2623891
1796,867,Home,480,3992911
1797,867,Cell,156,9904734
1798,868,Cell,572,8726675
1799,868,Work,932,2578479
1800,869,Home,547,4462676
1801,869,Cell,785,1716879
1802,870,Cell,131,3171518
1803,870,Work,198,6273502
1804,871,Home,145,5060145
1805,871,Cell,485,3040029
1806,872,Cell,200,5262666
1807,872,Work,436,4822868
1808,873,Home,728,9833433
1809,873,Cell,799,5858288
1810,873,Work,877,8195507
1811,874,Home,161,6036586
1812,874,Cell,446,4171884
1813,874,Work,492,1919580
1814,875,Home,783,5918077
1815,875,Cell,318,4073334
1816,875,Work,768,1535458
1817,876,Cell,964,7262215
1818,876,Work,402,6516655
1819,877,Cell,972,9375922
1820,877,Work,975,1513750
1821,878,Cell,699,8964652
1822,878,Work,636,9384380
1823,879,Home,408,7890878
1824,879,Cell,774,7363169
1825,880,Home,959,8519998
1826,880,Cell,626,2880290
1827,881,Cell,471,3993025
1828,882,Home,541,6683252
1829,882,Cell,968,2082262
1830,883,Cell,146,8261049
1831,883,Work,828,4792638
1832,884,Home,513,2131327
1833,884,Cell,360,9540551
1834,884,Work,302,3108598
1835,885,Home,413,8499432
1836,885,Cell,139,7771175
1837,885,Work,729,6425024
1838,886,Cell,740,6507982
1839,886,Work,822,4260682
1840,887,Home,109,8817428
1841,887,Cell,762,3657049
1842,887,Work,151,8022646
1843,888,Home,843,2912521
1844,888,Cell,521,8604447
1845,888,Work,517,1429744
1846,889,Home,694,5426583
1847,889,Cell,336,4499484
1848,890,Home,305,6462294
1849,890,Cell,267,9287637
1850,890,Work,115,1825549
1851,891,Cell,704,4485776
1852,891,Work,645,4578243
1853,892,Home,853,5205515
1854,892,Cell,108,4220748
1855,892,Work,131,1639605
1856,893,Cell,304,6214618
1857,893,Work,173,5850760
1858,894,Cell,465,8859521
1859,894,Work,513,9685046
1860,895,Cell,586,5226792
1861,895,Work,504,4877687
1862,896,Home,908,8919403
1863,896,Cell,695,4641164
1864,897,Cell,705,1514680
1865,897,Work,331,1052795
1866,898,Cell,786,6631035
1867,898,Work,674,3752354
1868,899,Cell,925,1505049
1869,900,Home,154,4817732
1870,900,Cell,336,5312531
1871,900,Work,492,2032282
1872,901,Cell,433,8293574
1873,901,Work,396,8661865
1874,902,Cell,135,5692811
1875,903,Cell,590,7256958
1876,903,Work,543,7815916
1877,904,Home,316,6616134
1878,904,Cell,856,3980578
1879,904,Work,809,9037313
1880,905,Home,610,8497960
1881,905,Cell,405,2940354
1882,905,Work,569,4089837
1883,906,Home,314,6746210
1884,906,Cell,365,9212424
1885,907,Home,906,9623914
1886,907,Cell,704,7015716
1887,907,Work,715,4908705
1888,908,Cell,903,5384006
1889,908,Work,172,4593393
1890,909,Home,132,4810108
1891,909,Cell,193,7690070
1892,909,Work,356,5985553
1893,910,Home,974,9373200
1894,910,Cell,447,2612908
1895,911,Cell,532,6902012
1896,911,Work,764,8624579
1897,912,Cell,662,2881945
1898,912,Work,535,5145330
1899,913,Cell,519,8058817
1900,913,Work,873,2323815
1901,914,Home,180,2463349
1902,914,Cell,278,6281248
1903,914,Work,272,3410221
1904,915,Cell,963,9646693
1905,916,Cell,548,4441321
1906,916,Work,618,9611432
1907,917,Home,753,8976727
1908,917,Cell,927,4200428
1909,917,Work,549,6142514
1910,918,Cell,610,2989312
1911,918,Work,408,2092742
1912,919,Cell,177,6250466
1913,919,Work,698,6111794
1914,920,Home,937,1538251
1915,920,Cell,381,8383680
1916,920,Work,925,5433212
1917,921,Home,555,6653833
1918,921,Cell,306,3024597
1919,921,Work,861,2122774
1920,922,Cell,583,1757708
1921,922,Work,153,2173714
1922,923,Cell,388,5967894
1923,924,Cell,832,8169702
1924,924,Work,938,2741169
1925,925,Cell,476,5481102
1926,926,Home,829,4853783
1927,926,Cell,425,6104193
1928,926,Work,649,2934621
1929,927,Cell,968,5386158
1930,927,Work,434,7341027
1931,928,Cell,962,6735830
1932,928,Work,880,6389246
1933,929,Home,827,3470145
1934,929,Cell,950,9297243
1935,929,Work,909,9742259
1936,930,Home,428,4327721
1937,930,Cell,362,8115120
1938,930,Work,154,6101051
1939,931,Cell,683,8439184
1940,931,Work,920,4308576
1941,932,Home,783,4995995
1942,932,Cell,369,4957039
1943,932,Work,793,5960425
1944,933,Cell,704,1353954
1945,933,Work,295,5789581
1946,934,Cell,762,8949374
1947,935,Cell,714,1658456
1948,935,Work,789,2660855
1949,936,Cell,248,2951132
1950,937,Home,682,2319147
1951,937,Cell,716,9686727
1952,938,Home,733,5091047
1953,938,Cell,332,9098747
1954,938,Work,798,6582702
1955,939,Cell,638,7546103
1956,939,Work,291,4956448
1957,940,Home,730,9576065
1958,940,Cell,133,5399549
1959,941,Work,247,7264817
1960,942,Cell,316,7224796
1961,942,Work,725,9250587
1962,943,Home,865,5777549
1963,943,Cell,342,4994819
1964,943,Work,129,2480082
1965,944,Cell,247,8524696
1966,945,Home,210,1803931
1967,945,Cell,158,4798009
1968,945,Work,726,9489688
1969,946,Cell,221,6136514
1970,947,Cell,738,4148729
1971,947,Work,179,1428780
1972,948,Home,672,4153314
1973,948,Cell,501,9637323
1974,948,Work,521,6315872
1975,949,Cell,160,1942393
1976,949,Work,241,3164084
1977,950,Home,760,5579463
1978,950,Work,654,9300410
1979,951,Home,536,9034795
1980,951,Cell,650,3726354
1981,951,Work,465,2522566
1982,952,Cell,830,4303997
1983,952,Work,476,2846613
1984,953,Home,101,9100766
1985,953,Cell,695,4265891
1986,953,Work,950,3159532
1987,954,Home,359,8992375
1988,954,Cell,254,4318674
1989,954,Work,978,1402685
1990,955,Cell,449,6562670
1991,955,Work,232,6876979
1992,956,Cell,775,8490874
1993,957,Home,400,9049947
1994,957,Cell,450,4908847
1995,958,Home,122,8060688
1996,958,Cell,802,7918423
1997,958,Work,624,6693214
1998,959,Cell,634,3584269
1999,959,Work,122,1431477
2000,960,Home,201,3061291
2001,960,Cell,310,5613883
2002,960,Work,751,6056734
2003,961,Cell,188,3644360
2004,961,Work,254,3067137
2005,962,Home,333,4042278
2006,962,Cell,473,8015006
2007,962,Work,612,7655005
2008,963,Cell,982,9898369
2009,963,Work,570,5958540
2010,964,Cell,135,8573539
2011,965,Cell,357,2464169
2012,965,Work,117,4592460
2013,966,Home,320,3241739
2014,966,Cell,618,8507109
2015,967,Home,141,4695864
2016,967,Cell,307,6953290
2017,967,Work,893,9691217
2018,968,Home,657,9761268
2019,968,Cell,751,3141091
2020,969,Home,457,8902399
2021,969,Cell,522,5327632
2022,969,Work,772,3925742
2023,970,Cell,430,4080373
2024,971,Cell,350,7730890
2025,971,Work,727,5914194
2026,972,Home,236,7161495
2027,972,Cell,805,5976743
2028,972,Work,474,6114311
2029,973,Cell,338,9613558
2030,973,Work,281,1637057
2031,974,Home,611,4739520
2032,974,Cell,501,9401523
2033,974,Work,513,5906081
2034,975,Home,118,8086105
2035,975,Cell,684,4239257
2036,975,Work,911,1359814
2037,976,Home,444,8072663
2038,976,Cell,213,7799815
2039,976,Work,725,8493877
2040,977,Home,189,9433809
2041,977,Cell,814,7572525
2042,977,Work,916,1202308
2043,978,Home,627,8508581
2044,978,Cell,722,2257767
2045,978,Work,680,3991077
2046,979,Cell,727,7178575
2047,979,Work,509,3261544
2048,980,Cell,603,6618661
2049,980,Work,885,4587049
2050,981,Cell,584,6233883
2051,981,Work,195,8291027
2052,982,Cell,133,7291440
2053,982,Work,153,8544154
2054,983,Cell,404,9170949
2055,984,Home,164,1201050
2056,984,Cell,559,2901726
2057,984,Work,554,2909935
2058,985,Cell,882,7891124
2059,985,Work,935,2802452
2060,986,Cell,643,1019733
2061,987,Cell,713,5947295
2062,987,Work,603,2661070
2063,988,Home,194,8705733
2064,988,Cell,984,3354433
2065,988,Work,998,7075639
2066,989,Cell,916,9954675
2067,990,Cell,125,5555586
2068,991,Cell,315,7274644
2069,991,Work,569,4118436
2070,992,Cell,630,9565252
2071,992,Work,914,7858696
2072,993,Cell,871,5100110
2073,994,Home,597,8967953
2074,994,Cell,281,4918104
2075,994,Work,644,1848850
2076,995,Home,456,5377814
2077,995,Cell,499,7111417
2078,995,Work,929,5456545
2079,996,Home,121,7132260
2080,996,Cell,511,9073315
2081,996,Work,878,3319664
2082,997,Home,311,3454648
2083,997,Cell,273,7281271
2084,998,Cell,220,9111306
2085,998,Work,266,4238899
2086,999,Cell,470,4182608
2087,999,Work,290,4238165
2088,1000,Home,851,9554193
2089,1000,Work,952,9764138
